RA,PEDRA_2022,PEDRA_2023,PEDRA_2024,PEDRA_ORDEM_2022,PEDRA_ORDEM_2023,PEDRA_ORDEM_2024,DELTA_PEDRA_22_23,DELTA_PEDRA_23_24,DELTA_PEDRA_22_24,MOVIMENTO_22_24
RA-40,Ametista,Ametista,Ametista,3,3.0,3.0,0.0,0.0,0.0,Manutenção
RA-42,Ágata,Ágata,Ametista,2,2.0,3.0,0.0,1.0,1.0,Avanço
RA-45,Ametista,Topázio,Topázio,3,4.0,4.0,1.0,0.0,1.0,Avanço
RA-48,Ametista,Ametista,Topázio,3,3.0,4.0,0.0,1.0,1.0,Avanço
RA-52,Ametista,Ametista,Topázio,3,3.0,4.0,0.0,1.0,1.0,Avanço
RA-56,Topázio,Topázio,Topázio,4,4.0,4.0,0.0,0.0,0.0,Manutenção
RA-57,Ametista,Ágata,Ametista,3,2.0,3.0,-1.0,1.0,0.0,Manutenção
RA-58,Topázio,Ametista,Topázio,4,3.0,4.0,-1.0,1.0,0.0,Manutenção
RA-64,Ametista,Ametista,Topázio,3,3.0,4.0,0.0,1.0,1.0,Avanço
RA-78,Ametista,Ágata,Topázio,3,2.0,4.0,-1.0,2.0,1.0,Avanço
RA-80,Ametista,Ametista,Topázio,3,3.0,4.0,0.0,1.0,1.0,Avanço
RA-81,Ametista,Ametista,Topázio,3,3.0,4.0,0.0,1.0,1.0,Avanço
RA-85,Ágata,Ametista,Ágata,2,3.0,2.0,1.0,-1.0,0.0,Manutenção
RA-87,Topázio,Topázio,Topázio,4,4.0,4.0,0.0,0.0,0.0,Manutenção
RA-90,Topázio,Topázio,Topázio,4,4.0,4.0,0.0,0.0,0.0,Manutenção
RA-91,Ágata,Ametista,Ametista,2,3.0,3.0,1.0,0.0,1.0,Avanço
RA-92,Ágata,Ametista,Topázio,2,3.0,4.0,1.0,1.0,2.0,Avanço
RA-94,Topázio,Ametista,Topázio,4,3.0,4.0,-1.0,1.0,0.0,Manutenção
RA-103,Topázio,Topázio,Topázio,4,4.0,4.0,0.0,0.0,0.0,Manutenção
RA-106,Ametista,Ametista,Ametista,3,3.0,3.0,0.0,0.0,0.0,Manutenção
RA-107,Ágata,Ágata,Ágata,2,2.0,2.0,0.0,0.0,0.0,Manutenção
RA-110,Topázio,Topázio,Topázio,4,4.0,4.0,0.0,0.0,0.0,Manutenção
RA-111,Topázio,Ametista,Topázio,4,3.0,4.0,-1.0,1.0,0.0,Manutenção
RA-112,Ametista,Ametista,Topázio,3,3.0,4.0,0.0,1.0,1.0,Avanço
RA-115,Quartzo,Ágata,Quartzo,1,2.0,1.0,1.0,-1.0,0.0,Manutenção
RA-116,Ágata,Ágata,Ágata,2,2.0,2.0,0.0,0.0,0.0,Manutenção
RA-121,Ametista,Ágata,Ametista,3,2.0,3.0,-1.0,1.0,0.0,Manutenção
RA-123,Ametista,Ágata,Ágata,3,2.0,2.0,-1.0,0.0,-1.0,Recuo
RA-125,Ametista,Ágata,Ágata,3,2.0,2.0,-1.0,0.0,-1.0,Recuo
RA-127,Topázio,Ametista,Topázio,4,3.0,4.0,-1.0,1.0,0.0,Manutenção
RA-131,Ametista,Quartzo,Ametista,3,1.0,3.0,-2.0,2.0,0.0,Manutenção
RA-132,Topázio,Ametista,Topázio,4,3.0,4.0,-1.0,1.0,0.0,Manutenção
RA-137,Ametista,Quartzo,Ágata,3,1.0,2.0,-2.0,1.0,-1.0,Recuo
RA-138,Ágata,Ágata,Ametista,2,2.0,3.0,0.0,1.0,1.0,Avanço
RA-143,Topázio,Ametista,Ametista,4,3.0,3.0,-1.0,0.0,-1.0,Recuo
RA-146,Ametista,Ametista,Topázio,3,3.0,4.0,0.0,1.0,1.0,Avanço
RA-147,Ametista,Quartzo,Ametista,3,1.0,3.0,-2.0,2.0,0.0,Manutenção
RA-149,Ágata,Quartzo,Quartzo,2,1.0,1.0,-1.0,0.0,-1.0,Recuo
RA-152,Ágata,Ágata,Ágata,2,2.0,2.0,0.0,0.0,0.0,Manutenção
RA-153,Ametista,Ametista,Quartzo,3,3.0,1.0,0.0,-2.0,-2.0,Recuo
RA-157,Topázio,Ametista,Topázio,4,3.0,4.0,-1.0,1.0,0.0,Manutenção
RA-158,Ametista,Ametista,Ágata,3,3.0,2.0,0.0,-1.0,-1.0,Recuo
RA-160,Ágata,Ágata,Ágata,2,2.0,2.0,0.0,0.0,0.0,Manutenção
RA-161,Ametista,Ágata,Ametista,3,2.0,3.0,-1.0,1.0,0.0,Manutenção
RA-164,Ágata,Quartzo,Ágata,2,1.0,2.0,-1.0,1.0,0.0,Manutenção
RA-165,Topázio,Ametista,Topázio,4,3.0,4.0,-1.0,1.0,0.0,Manutenção
RA-166,Topázio,Topázio,Topázio,4,4.0,4.0,0.0,0.0,0.0,Manutenção
RA-167,Ametista,Ametista,Topázio,3,3.0,4.0,0.0,1.0,1.0,Avanço
RA-170,Ágata,Ametista,Ametista,2,3.0,3.0,1.0,0.0,1.0,Avanço
RA-171,Ágata,Ágata,Ametista,2,2.0,3.0,0.0,1.0,1.0,Avanço
RA-175,Ágata,Ágata,Topázio,2,2.0,4.0,0.0,2.0,2.0,Avanço
RA-176,Topázio,Topázio,Topázio,4,4.0,4.0,0.0,0.0,0.0,Manutenção
RA-178,Ágata,Ametista,Ametista,2,3.0,3.0,1.0,0.0,1.0,Avanço
RA-179,Ametista,Topázio,Topázio,3,4.0,4.0,1.0,0.0,1.0,Avanço
RA-180,Topázio,Topázio,Topázio,4,4.0,4.0,0.0,0.0,0.0,Manutenção
RA-181,Topázio,Ametista,Ametista,4,3.0,3.0,-1.0,0.0,-1.0,Recuo
RA-183,Ametista,Ametista,Topázio,3,3.0,4.0,0.0,1.0,1.0,Avanço
RA-184,Ametista,Topázio,Topázio,3,4.0,4.0,1.0,0.0,1.0,Avanço
RA-186,Ametista,Ametista,Topázio,3,3.0,4.0,0.0,1.0,1.0,Avanço
RA-187,Ametista,Ametista,Topázio,3,3.0,4.0,0.0,1.0,1.0,Avanço
RA-189,Ametista,Ametista,Topázio,3,3.0,4.0,0.0,1.0,1.0,Avanço
RA-191,Topázio,Ametista,Ametista,4,3.0,3.0,-1.0,0.0,-1.0,Recuo
RA-192,Quartzo,Ágata,Ágata,1,2.0,2.0,1.0,0.0,1.0,Avanço
RA-193,Topázio,Ametista,Topázio,4,3.0,4.0,-1.0,1.0,0.0,Manutenção
RA-195,Ametista,Ametista,Topázio,3,3.0,4.0,0.0,1.0,1.0,Avanço
RA-196,Topázio,Ametista,Topázio,4,3.0,4.0,-1.0,1.0,0.0,Manutenção
RA-197,Topázio,Ametista,Topázio,4,3.0,4.0,-1.0,1.0,0.0,Manutenção
RA-199,Ametista,Ametista,Ametista,3,3.0,3.0,0.0,0.0,0.0,Manutenção
RA-202,Quartzo,Ágata,Ametista,1,2.0,3.0,1.0,1.0,2.0,Avanço
RA-204,Ágata,Ametista,Ametista,2,3.0,3.0,1.0,0.0,1.0,Avanço
RA-211,Topázio,Topázio,Topázio,4,4.0,4.0,0.0,0.0,0.0,Manutenção
RA-215,Ametista,Ametista,Ametista,3,3.0,3.0,0.0,0.0,0.0,Manutenção
RA-217,Ametista,Ágata,Ametista,3,2.0,3.0,-1.0,1.0,0.0,Manutenção
RA-220,Ágata,Ametista,Ametista,2,3.0,3.0,1.0,0.0,1.0,Avanço
RA-227,Ágata,Ametista,Topázio,2,3.0,4.0,1.0,1.0,2.0,Avanço
RA-229,Topázio,Topázio,Topázio,4,4.0,4.0,0.0,0.0,0.0,Manutenção
RA-236,Ametista,Ametista,Ágata,3,3.0,2.0,0.0,-1.0,-1.0,Recuo
RA-237,Topázio,Ametista,Ametista,4,3.0,3.0,-1.0,0.0,-1.0,Recuo
RA-239,Quartzo,Ágata,Ágata,1,2.0,2.0,1.0,0.0,1.0,Avanço
RA-241,Topázio,Ametista,Topázio,4,3.0,4.0,-1.0,1.0,0.0,Manutenção
RA-242,Topázio,Topázio,Topázio,4,4.0,4.0,0.0,0.0,0.0,Manutenção
RA-244,Topázio,Ametista,Topázio,4,3.0,4.0,-1.0,1.0,0.0,Manutenção
RA-245,Topázio,Ametista,Topázio,4,3.0,4.0,-1.0,1.0,0.0,Manutenção
RA-246,Topázio,Topázio,Quartzo,4,4.0,1.0,0.0,-3.0,-3.0,Recuo
RA-247,Ametista,Ametista,Ágata,3,3.0,2.0,0.0,-1.0,-1.0,Recuo
RA-249,Quartzo,Quartzo,Ágata,1,1.0,2.0,0.0,1.0,1.0,Avanço
RA-250,Ametista,Ametista,Topázio,3,3.0,4.0,0.0,1.0,1.0,Avanço
RA-251,Ágata,Ágata,Ágata,2,2.0,2.0,0.0,0.0,0.0,Manutenção
RA-260,Ametista,Topázio,Topázio,3,4.0,4.0,1.0,0.0,1.0,Avanço
RA-262,Quartzo,Quartzo,Quartzo,1,1.0,1.0,0.0,0.0,0.0,Manutenção
RA-269,Topázio,Topázio,Topázio,4,4.0,4.0,0.0,0.0,0.0,Manutenção
RA-270,Topázio,Ametista,Quartzo,4,3.0,1.0,-1.0,-2.0,-3.0,Recuo
RA-271,Ametista,Ágata,Ametista,3,2.0,3.0,-1.0,1.0,0.0,Manutenção
RA-273,Quartzo,Ágata,Ágata,1,2.0,2.0,1.0,0.0,1.0,Avanço
RA-274,Ametista,Topázio,Topázio,3,4.0,4.0,1.0,0.0,1.0,Avanço
RA-277,Ametista,Ametista,Topázio,3,3.0,4.0,0.0,1.0,1.0,Avanço
RA-278,Ametista,Ametista,Topázio,3,3.0,4.0,0.0,1.0,1.0,Avanço
RA-279,Topázio,Topázio,Topázio,4,4.0,4.0,0.0,0.0,0.0,Manutenção
RA-280,Ametista,Topázio,Topázio,3,4.0,4.0,1.0,0.0,1.0,Avanço
RA-283,Ametista,Ametista,Ametista,3,3.0,3.0,0.0,0.0,0.0,Manutenção
RA-286,Quartzo,Quartzo,Quartzo,1,1.0,1.0,0.0,0.0,0.0,Manutenção
RA-291,Topázio,Topázio,Ametista,4,4.0,3.0,0.0,-1.0,-1.0,Recuo
RA-299,Ametista,Ágata,Topázio,3,2.0,4.0,-1.0,2.0,1.0,Avanço
RA-301,Ágata,Ágata,Topázio,2,2.0,4.0,0.0,2.0,2.0,Avanço
RA-303,Ágata,Quartzo,Ágata,2,1.0,2.0,-1.0,1.0,0.0,Manutenção
RA-304,Ágata,Ágata,Ágata,2,2.0,2.0,0.0,0.0,0.0,Manutenção
RA-305,Ágata,Ágata,Ágata,2,2.0,2.0,0.0,0.0,0.0,Manutenção
RA-306,Ágata,Quartzo,Ágata,2,1.0,2.0,-1.0,1.0,0.0,Manutenção
RA-308,Ágata,Ágata,Ametista,2,2.0,3.0,0.0,1.0,1.0,Avanço
RA-313,Quartzo,Ametista,Ametista,1,3.0,3.0,2.0,0.0,2.0,Avanço
RA-315,Quartzo,Quartzo,Ágata,1,1.0,2.0,0.0,1.0,1.0,Avanço
RA-316,Ametista,Topázio,Topázio,3,4.0,4.0,1.0,0.0,1.0,Avanço
RA-318,Ágata,Ágata,Ametista,2,2.0,3.0,0.0,1.0,1.0,Avanço
RA-319,Ametista,Topázio,Ametista,3,4.0,3.0,1.0,-1.0,0.0,Manutenção
RA-320,Ametista,Topázio,Topázio,3,4.0,4.0,1.0,0.0,1.0,Avanço
RA-321,Ametista,Ametista,Topázio,3,3.0,4.0,0.0,1.0,1.0,Avanço
RA-325,Ametista,Ágata,Topázio,3,2.0,4.0,-1.0,2.0,1.0,Avanço
RA-326,Topázio,Topázio,Topázio,4,4.0,4.0,0.0,0.0,0.0,Manutenção
RA-331,Ágata,Ametista,Ágata,2,3.0,2.0,1.0,-1.0,0.0,Manutenção
RA-332,Ametista,Topázio,Topázio,3,4.0,4.0,1.0,0.0,1.0,Avanço
RA-336,Ágata,Quartzo,Ágata,2,1.0,2.0,-1.0,1.0,0.0,Manutenção
RA-338,Ágata,Topázio,Topázio,2,4.0,4.0,2.0,0.0,2.0,Avanço
RA-339,Topázio,Ametista,Ametista,4,3.0,3.0,-1.0,0.0,-1.0,Recuo
RA-340,Ametista,Ametista,Ágata,3,3.0,2.0,0.0,-1.0,-1.0,Recuo
RA-342,Ágata,Ametista,Ágata,2,3.0,2.0,1.0,-1.0,0.0,Manutenção
RA-346,Topázio,Ametista,Ametista,4,3.0,3.0,-1.0,0.0,-1.0,Recuo
RA-347,Ametista,Ametista,Topázio,3,3.0,4.0,0.0,1.0,1.0,Avanço
RA-352,Ametista,Ametista,Quartzo,3,3.0,1.0,0.0,-2.0,-2.0,Recuo
RA-356,Ágata,Ágata,Ágata,2,2.0,2.0,0.0,0.0,0.0,Manutenção
RA-357,Ametista,Topázio,Ametista,3,4.0,3.0,1.0,-1.0,0.0,Manutenção
RA-359,Ágata,Ametista,Ametista,2,3.0,3.0,1.0,0.0,1.0,Avanço
RA-360,Ametista,Quartzo,Ágata,3,1.0,2.0,-2.0,1.0,-1.0,Recuo
RA-363,Ágata,Ágata,Ametista,2,2.0,3.0,0.0,1.0,1.0,Avanço
RA-364,Topázio,Ametista,Topázio,4,3.0,4.0,-1.0,1.0,0.0,Manutenção
RA-365,Topázio,Topázio,Topázio,4,4.0,4.0,0.0,0.0,0.0,Manutenção
RA-367,Ágata,Ametista,Ametista,2,3.0,3.0,1.0,0.0,1.0,Avanço
RA-368,Ágata,Quartzo,Ágata,2,1.0,2.0,-1.0,1.0,0.0,Manutenção
RA-369,Ágata,Ágata,Quartzo,2,2.0,1.0,0.0,-1.0,-1.0,Recuo
RA-375,Ametista,Ametista,Ametista,3,3.0,3.0,0.0,0.0,0.0,Manutenção
RA-376,Ágata,Ametista,Quartzo,2,3.0,1.0,1.0,-2.0,-1.0,Recuo
RA-377,Ágata,Ametista,Ametista,2,3.0,3.0,1.0,0.0,1.0,Avanço
RA-381,Ágata,Quartzo,Quartzo,2,1.0,1.0,-1.0,0.0,-1.0,Recuo
RA-382,Ágata,Ágata,Quartzo,2,2.0,1.0,0.0,-1.0,-1.0,Recuo
RA-383,Topázio,Ametista,Topázio,4,3.0,4.0,-1.0,1.0,0.0,Manutenção
RA-384,Ametista,Ágata,Topázio,3,2.0,4.0,-1.0,2.0,1.0,Avanço
RA-387,Ágata,Quartzo,Ágata,2,1.0,2.0,-1.0,1.0,0.0,Manutenção
RA-388,Ágata,Quartzo,Quartzo,2,1.0,1.0,-1.0,0.0,-1.0,Recuo
RA-389,Ametista,Ágata,Ametista,3,2.0,3.0,-1.0,1.0,0.0,Manutenção
RA-390,Ágata,Ágata,Ágata,2,2.0,2.0,0.0,0.0,0.0,Manutenção
RA-392,Ágata,Ágata,Quartzo,2,2.0,1.0,0.0,-1.0,-1.0,Recuo
RA-395,Ametista,Ametista,Ametista,3,3.0,3.0,0.0,0.0,0.0,Manutenção
RA-397,Quartzo,Ágata,Ágata,1,2.0,2.0,1.0,0.0,1.0,Avanço
RA-398,Ametista,Ametista,Ametista,3,3.0,3.0,0.0,0.0,0.0,Manutenção
RA-401,Ágata,Ágata,Ágata,2,2.0,2.0,0.0,0.0,0.0,Manutenção
RA-402,Quartzo,Ágata,Quartzo,1,2.0,1.0,1.0,-1.0,0.0,Manutenção
RA-403,Ametista,Ametista,Topázio,3,3.0,4.0,0.0,1.0,1.0,Avanço
RA-404,Ágata,Ágata,Ágata,2,2.0,2.0,0.0,0.0,0.0,Manutenção
RA-407,Ametista,Ametista,Ametista,3,3.0,3.0,0.0,0.0,0.0,Manutenção
RA-408,Ágata,Ametista,Ágata,2,3.0,2.0,1.0,-1.0,0.0,Manutenção
RA-409,Topázio,Ametista,Topázio,4,3.0,4.0,-1.0,1.0,0.0,Manutenção
RA-411,Ametista,Ametista,Ametista,3,3.0,3.0,0.0,0.0,0.0,Manutenção
RA-412,Ametista,Ametista,Topázio,3,3.0,4.0,0.0,1.0,1.0,Avanço
RA-414,Ametista,Ametista,Ametista,3,3.0,3.0,0.0,0.0,0.0,Manutenção
RA-416,Ametista,Topázio,Topázio,3,4.0,4.0,1.0,0.0,1.0,Avanço
RA-417,Topázio,Topázio,Topázio,4,4.0,4.0,0.0,0.0,0.0,Manutenção
RA-418,Topázio,Topázio,Topázio,4,4.0,4.0,0.0,0.0,0.0,Manutenção
RA-419,Ametista,Ametista,Topázio,3,3.0,4.0,0.0,1.0,1.0,Avanço
RA-420,Ametista,Ametista,Ametista,3,3.0,3.0,0.0,0.0,0.0,Manutenção
RA-421,Topázio,Topázio,Topázio,4,4.0,4.0,0.0,0.0,0.0,Manutenção
RA-422,Ágata,Quartzo,Quartzo,2,1.0,1.0,-1.0,0.0,-1.0,Recuo
RA-423,Ágata,Ágata,Ágata,2,2.0,2.0,0.0,0.0,0.0,Manutenção
RA-424,Ametista,Ametista,Ametista,3,3.0,3.0,0.0,0.0,0.0,Manutenção
RA-425,Topázio,Topázio,Topázio,4,4.0,4.0,0.0,0.0,0.0,Manutenção
RA-426,Ágata,Ágata,Ágata,2,2.0,2.0,0.0,0.0,0.0,Manutenção
RA-428,Ametista,Ametista,Ametista,3,3.0,3.0,0.0,0.0,0.0,Manutenção
RA-432,Ágata,Ágata,Ametista,2,2.0,3.0,0.0,1.0,1.0,Avanço
RA-433,Quartzo,Ágata,Ametista,1,2.0,3.0,1.0,1.0,2.0,Avanço
RA-434,Ametista,Ametista,Ágata,3,3.0,2.0,0.0,-1.0,-1.0,Recuo
RA-438,Ametista,Ágata,Ametista,3,2.0,3.0,-1.0,1.0,0.0,Manutenção
RA-442,Topázio,Ágata,Ágata,4,2.0,2.0,-2.0,0.0,-2.0,Recuo
RA-444,Ágata,Quartzo,Quartzo,2,1.0,1.0,-1.0,0.0,-1.0,Recuo
RA-445,Ágata,Ametista,Ametista,2,3.0,3.0,1.0,0.0,1.0,Avanço
RA-450,Ametista,Ágata,Ametista,3,2.0,3.0,-1.0,1.0,0.0,Manutenção
RA-454,Quartzo,Quartzo,Quartzo,1,1.0,1.0,0.0,0.0,0.0,Manutenção
RA-456,Ametista,Ametista,Topázio,3,3.0,4.0,0.0,1.0,1.0,Avanço
RA-457,Ametista,Topázio,Topázio,3,4.0,4.0,1.0,0.0,1.0,Avanço
RA-458,Ágata,Ágata,Quartzo,2,2.0,1.0,0.0,-1.0,-1.0,Recuo
RA-459,Ametista,Topázio,Ametista,3,4.0,3.0,1.0,-1.0,0.0,Manutenção
RA-461,Quartzo,Ametista,Ametista,1,3.0,3.0,2.0,0.0,2.0,Avanço
RA-464,Ágata,Ágata,Ágata,2,2.0,2.0,0.0,0.0,0.0,Manutenção
RA-466,Ágata,Ágata,Ágata,2,2.0,2.0,0.0,0.0,0.0,Manutenção
RA-467,Ágata,Ágata,Ametista,2,2.0,3.0,0.0,1.0,1.0,Avanço
RA-469,Ametista,Ametista,Ametista,3,3.0,3.0,0.0,0.0,0.0,Manutenção
RA-470,Ametista,Ágata,Ágata,3,2.0,2.0,-1.0,0.0,-1.0,Recuo
RA-471,Ágata,Ágata,Ágata,2,2.0,2.0,0.0,0.0,0.0,Manutenção
RA-472,Quartzo,Ágata,Ágata,1,2.0,2.0,1.0,0.0,1.0,Avanço
RA-474,Ágata,Quartzo,Ágata,2,1.0,2.0,-1.0,1.0,0.0,Manutenção
RA-476,Ágata,Ágata,Ágata,2,2.0,2.0,0.0,0.0,0.0,Manutenção
RA-479,Topázio,Topázio,Topázio,4,4.0,4.0,0.0,0.0,0.0,Manutenção
RA-480,Ametista,Topázio,Ametista,3,4.0,3.0,1.0,-1.0,0.0,Manutenção
RA-483,Quartzo,Ágata,Ágata,1,2.0,2.0,1.0,0.0,1.0,Avanço
RA-484,Ágata,Quartzo,Quartzo,2,1.0,1.0,-1.0,0.0,-1.0,Recuo
RA-487,Topázio,Topázio,Topázio,4,4.0,4.0,0.0,0.0,0.0,Manutenção
RA-490,Ametista,Ametista,Ametista,3,3.0,3.0,0.0,0.0,0.0,Manutenção
RA-491,Ametista,Ametista,Ágata,3,3.0,2.0,0.0,-1.0,-1.0,Recuo
RA-493,Topázio,Ametista,Ametista,4,3.0,3.0,-1.0,0.0,-1.0,Recuo
RA-494,Ágata,Ametista,Ametista,2,3.0,3.0,1.0,0.0,1.0,Avanço
RA-496,Ágata,Ágata,Ágata,2,2.0,2.0,0.0,0.0,0.0,Manutenção
RA-497,Ágata,Quartzo,Quartzo,2,1.0,1.0,-1.0,0.0,-1.0,Recuo
RA-499,Ametista,Ametista,Ametista,3,3.0,3.0,0.0,0.0,0.0,Manutenção
RA-500,Topázio,Topázio,Topázio,4,4.0,4.0,0.0,0.0,0.0,Manutenção
RA-501,Ametista,Topázio,Topázio,3,4.0,4.0,1.0,0.0,1.0,Avanço
RA-502,Topázio,Topázio,Topázio,4,4.0,4.0,0.0,0.0,0.0,Manutenção
RA-503,Ametista,Topázio,Topázio,3,4.0,4.0,1.0,0.0,1.0,Avanço
RA-508,Ágata,Ametista,Ágata,2,3.0,2.0,1.0,-1.0,0.0,Manutenção
RA-509,Ametista,Ametista,Ágata,3,3.0,2.0,0.0,-1.0,-1.0,Recuo
RA-513,Topázio,Topázio,Topázio,4,4.0,4.0,0.0,0.0,0.0,Manutenção
RA-514,Ametista,Quartzo,Ágata,3,1.0,2.0,-2.0,1.0,-1.0,Recuo
RA-516,Topázio,Topázio,Topázio,4,4.0,4.0,0.0,0.0,0.0,Manutenção
RA-517,Ametista,Ágata,Quartzo,3,2.0,1.0,-1.0,-1.0,-2.0,Recuo
RA-518,Ametista,Ametista,Ágata,3,3.0,2.0,0.0,-1.0,-1.0,Recuo
RA-521,Ametista,Ágata,Ametista,3,2.0,3.0,-1.0,1.0,0.0,Manutenção
RA-522,Topázio,Ametista,Topázio,4,3.0,4.0,-1.0,1.0,0.0,Manutenção
RA-524,Ágata,Ametista,Ametista,2,3.0,3.0,1.0,0.0,1.0,Avanço
RA-526,Topázio,Topázio,Ametista,4,4.0,3.0,0.0,-1.0,-1.0,Recuo
RA-527,Ametista,Ametista,Topázio,3,3.0,4.0,0.0,1.0,1.0,Avanço
RA-528,Quartzo,Ametista,Ametista,1,3.0,3.0,2.0,0.0,2.0,Avanço
RA-529,Ágata,Ametista,Quartzo,2,3.0,1.0,1.0,-2.0,-1.0,Recuo
RA-530,Topázio,Ametista,Ametista,4,3.0,3.0,-1.0,0.0,-1.0,Recuo
RA-531,Ametista,Topázio,Ametista,3,4.0,3.0,1.0,-1.0,0.0,Manutenção
RA-534,Ametista,Quartzo,Ametista,3,1.0,3.0,-2.0,2.0,0.0,Manutenção
RA-535,Ágata,Topázio,Ametista,2,4.0,3.0,2.0,-1.0,1.0,Avanço
RA-536,Ametista,Ametista,Ametista,3,3.0,3.0,0.0,0.0,0.0,Manutenção
RA-538,Ágata,Ágata,Ágata,2,2.0,2.0,0.0,0.0,0.0,Manutenção
RA-539,Ametista,Ametista,Topázio,3,3.0,4.0,0.0,1.0,1.0,Avanço
RA-542,Ametista,Ametista,Ágata,3,3.0,2.0,0.0,-1.0,-1.0,Recuo
RA-543,Ametista,Ametista,Topázio,3,3.0,4.0,0.0,1.0,1.0,Avanço
RA-546,Ágata,Ágata,Quartzo,2,2.0,1.0,0.0,-1.0,-1.0,Recuo
RA-547,Ametista,Ágata,Ametista,3,2.0,3.0,-1.0,1.0,0.0,Manutenção
RA-548,Ametista,Ametista,Ametista,3,3.0,3.0,0.0,0.0,0.0,Manutenção
RA-549,Ágata,Ametista,Ágata,2,3.0,2.0,1.0,-1.0,0.0,Manutenção
RA-555,Quartzo,Quartzo,Quartzo,1,1.0,1.0,0.0,0.0,0.0,Manutenção
RA-556,Ametista,Ametista,Quartzo,3,3.0,1.0,0.0,-2.0,-2.0,Recuo
RA-557,Topázio,Topázio,Topázio,4,4.0,4.0,0.0,0.0,0.0,Manutenção
RA-558,Quartzo,Ágata,Quartzo,1,2.0,1.0,1.0,-1.0,0.0,Manutenção
RA-559,Ametista,Ametista,Ágata,3,3.0,2.0,0.0,-1.0,-1.0,Recuo
RA-562,Ametista,Ágata,Topázio,3,2.0,4.0,-1.0,2.0,1.0,Avanço
RA-563,Topázio,Ametista,Topázio,4,3.0,4.0,-1.0,1.0,0.0,Manutenção
RA-568,Ametista,Ágata,Quartzo,3,2.0,1.0,-1.0,-1.0,-2.0,Recuo
RA-570,Quartzo,Ágata,Ágata,1,2.0,2.0,1.0,0.0,1.0,Avanço
RA-571,Ágata,Ágata,Ágata,2,2.0,2.0,0.0,0.0,0.0,Manutenção
RA-573,Topázio,Ametista,Ametista,4,3.0,3.0,-1.0,0.0,-1.0,Recuo
RA-576,Ametista,Ametista,Topázio,3,3.0,4.0,0.0,1.0,1.0,Avanço
RA-577,Ametista,Ametista,Ágata,3,3.0,2.0,0.0,-1.0,-1.0,Recuo
RA-578,Topázio,Topázio,Topázio,4,4.0,4.0,0.0,0.0,0.0,Manutenção
RA-580,Ametista,Topázio,Ametista,3,4.0,3.0,1.0,-1.0,0.0,Manutenção
RA-581,Ágata,Ametista,Ametista,2,3.0,3.0,1.0,0.0,1.0,Avanço
RA-583,Ametista,Ametista,Ametista,3,3.0,3.0,0.0,0.0,0.0,Manutenção
RA-584,Ágata,Ametista,Ágata,2,3.0,2.0,1.0,-1.0,0.0,Manutenção
RA-586,Ametista,Topázio,Topázio,3,4.0,4.0,1.0,0.0,1.0,Avanço
RA-587,Ágata,Ágata,Ágata,2,2.0,2.0,0.0,0.0,0.0,Manutenção
RA-588,Topázio,Topázio,Topázio,4,4.0,4.0,0.0,0.0,0.0,Manutenção
RA-590,Ametista,Ametista,Ágata,3,3.0,2.0,0.0,-1.0,-1.0,Recuo
RA-591,Ametista,Ametista,Ágata,3,3.0,2.0,0.0,-1.0,-1.0,Recuo
RA-592,Ametista,Ametista,Ametista,3,3.0,3.0,0.0,0.0,0.0,Manutenção
RA-594,Ametista,Ágata,Ágata,3,2.0,2.0,-1.0,0.0,-1.0,Recuo
RA-597,Topázio,Topázio,Ametista,4,4.0,3.0,0.0,-1.0,-1.0,Recuo
RA-599,Topázio,Topázio,Topázio,4,4.0,4.0,0.0,0.0,0.0,Manutenção
RA-600,Ágata,Ametista,Ametista,2,3.0,3.0,1.0,0.0,1.0,Avanço
RA-601,Ametista,Topázio,Topázio,3,4.0,4.0,1.0,0.0,1.0,Avanço
RA-602,Ametista,Topázio,Topázio,3,4.0,4.0,1.0,0.0,1.0,Avanço
RA-603,Ametista,Ágata,Ágata,3,2.0,2.0,-1.0,0.0,-1.0,Recuo
RA-604,Ametista,Topázio,Ametista,3,4.0,3.0,1.0,-1.0,0.0,Manutenção
RA-605,Ametista,Ametista,Ágata,3,3.0,2.0,0.0,-1.0,-1.0,Recuo
RA-606,Ágata,Ametista,Ágata,2,3.0,2.0,1.0,-1.0,0.0,Manutenção
RA-607,Ágata,Ametista,Ametista,2,3.0,3.0,1.0,0.0,1.0,Avanço
RA-608,Ametista,Ametista,Quartzo,3,3.0,1.0,0.0,-2.0,-2.0,Recuo
RA-610,Topázio,Topázio,Ametista,4,4.0,3.0,0.0,-1.0,-1.0,Recuo
RA-612,Ametista,Topázio,Topázio,3,4.0,4.0,1.0,0.0,1.0,Avanço
RA-613,Topázio,Ágata,Ametista,4,2.0,3.0,-2.0,1.0,-1.0,Recuo
RA-614,Topázio,Topázio,Ametista,4,4.0,3.0,0.0,-1.0,-1.0,Recuo
RA-616,Ametista,Quartzo,Quartzo,3,1.0,1.0,-2.0,0.0,-2.0,Recuo
RA-618,Ametista,Ágata,Ágata,3,2.0,2.0,-1.0,0.0,-1.0,Recuo
RA-620,Ágata,Ametista,Quartzo,2,3.0,1.0,1.0,-2.0,-1.0,Recuo
RA-623,Ametista,Ametista,Ágata,3,3.0,2.0,0.0,-1.0,-1.0,Recuo
RA-624,Ametista,Topázio,Ametista,3,4.0,3.0,1.0,-1.0,0.0,Manutenção
RA-626,Quartzo,Ametista,Ágata,1,3.0,2.0,2.0,-1.0,1.0,Avanço
RA-628,Ametista,Topázio,Topázio,3,4.0,4.0,1.0,0.0,1.0,Avanço
RA-629,Topázio,Topázio,Topázio,4,4.0,4.0,0.0,0.0,0.0,Manutenção
RA-630,Topázio,Ametista,Ágata,4,3.0,2.0,-1.0,-1.0,-2.0,Recuo
RA-631,Ágata,Quartzo,Ágata,2,1.0,2.0,-1.0,1.0,0.0,Manutenção
RA-632,Ágata,Ametista,Ametista,2,3.0,3.0,1.0,0.0,1.0,Avanço
RA-633,Ametista,Ágata,Quartzo,3,2.0,1.0,-1.0,-1.0,-2.0,Recuo
RA-636,Ametista,Ágata,Ágata,3,2.0,2.0,-1.0,0.0,-1.0,Recuo
RA-637,Ametista,Topázio,Ametista,3,4.0,3.0,1.0,-1.0,0.0,Manutenção
RA-638,Ametista,Ametista,Ágata,3,3.0,2.0,0.0,-1.0,-1.0,Recuo
RA-639,Ágata,Ametista,Quartzo,2,3.0,1.0,1.0,-2.0,-1.0,Recuo
RA-642,Ametista,Topázio,Ametista,3,4.0,3.0,1.0,-1.0,0.0,Manutenção
RA-643,Ágata,Ametista,Ágata,2,3.0,2.0,1.0,-1.0,0.0,Manutenção
RA-645,Ágata,Ametista,Ametista,2,3.0,3.0,1.0,0.0,1.0,Avanço
RA-646,Topázio,Topázio,Ametista,4,4.0,3.0,0.0,-1.0,-1.0,Recuo
RA-649,Ametista,Ametista,Ágata,3,3.0,2.0,0.0,-1.0,-1.0,Recuo
RA-651,Ametista,Ametista,Topázio,3,3.0,4.0,0.0,1.0,1.0,Avanço
RA-652,Topázio,Ametista,Ametista,4,3.0,3.0,-1.0,0.0,-1.0,Recuo
RA-653,Topázio,Ametista,Topázio,4,3.0,4.0,-1.0,1.0,0.0,Manutenção
RA-655,Ametista,Topázio,Topázio,3,4.0,4.0,1.0,0.0,1.0,Avanço
RA-656,Ágata,Ágata,Ágata,2,2.0,2.0,0.0,0.0,0.0,Manutenção
RA-657,Topázio,Topázio,Topázio,4,4.0,4.0,0.0,0.0,0.0,Manutenção
RA-658,Ametista,Topázio,Ametista,3,4.0,3.0,1.0,-1.0,0.0,Manutenção
RA-662,Ametista,Ágata,Ametista,3,2.0,3.0,-1.0,1.0,0.0,Manutenção
RA-663,Ágata,Ágata,Ágata,2,2.0,2.0,0.0,0.0,0.0,Manutenção
RA-664,Ametista,Topázio,Ametista,3,4.0,3.0,1.0,-1.0,0.0,Manutenção
RA-665,Ágata,Ágata,Quartzo,2,2.0,1.0,0.0,-1.0,-1.0,Recuo
RA-666,Ametista,Topázio,Topázio,3,4.0,4.0,1.0,0.0,1.0,Avanço
RA-667,Quartzo,Ágata,Ametista,1,2.0,3.0,1.0,1.0,2.0,Avanço
RA-669,Ametista,Ametista,Ágata,3,3.0,2.0,0.0,-1.0,-1.0,Recuo
RA-670,Ametista,Topázio,Topázio,3,4.0,4.0,1.0,0.0,1.0,Avanço
RA-672,Ametista,Ágata,Quartzo,3,2.0,1.0,-1.0,-1.0,-2.0,Recuo
RA-680,Ametista,Ágata,Quartzo,3,2.0,1.0,-1.0,-1.0,-2.0,Recuo
RA-681,Ametista,Ágata,Ágata,3,2.0,2.0,-1.0,0.0,-1.0,Recuo
RA-684,Topázio,Ametista,Ametista,4,3.0,3.0,-1.0,0.0,-1.0,Recuo
RA-686,Ametista,Ametista,Topázio,3,3.0,4.0,0.0,1.0,1.0,Avanço
RA-687,Ametista,Ametista,Topázio,3,3.0,4.0,0.0,1.0,1.0,Avanço
RA-688,Ametista,Topázio,Topázio,3,4.0,4.0,1.0,0.0,1.0,Avanço
RA-690,Ametista,Topázio,Ametista,3,4.0,3.0,1.0,-1.0,0.0,Manutenção
RA-693,Ametista,Topázio,Topázio,3,4.0,4.0,1.0,0.0,1.0,Avanço
RA-696,Ametista,Ametista,Ametista,3,3.0,3.0,0.0,0.0,0.0,Manutenção
RA-698,Ametista,Ametista,Ametista,3,3.0,3.0,0.0,0.0,0.0,Manutenção
RA-699,Ágata,Ágata,Ágata,2,2.0,2.0,0.0,0.0,0.0,Manutenção
RA-700,Ametista,Topázio,Ametista,3,4.0,3.0,1.0,-1.0,0.0,Manutenção
RA-702,Ametista,Topázio,Ametista,3,4.0,3.0,1.0,-1.0,0.0,Manutenção
RA-704,Ágata,Ágata,Ágata,2,2.0,2.0,0.0,0.0,0.0,Manutenção
RA-705,Ágata,Ágata,Quartzo,2,2.0,1.0,0.0,-1.0,-1.0,Recuo
RA-706,Ametista,Ametista,Quartzo,3,3.0,1.0,0.0,-2.0,-2.0,Recuo
RA-707,Ametista,Ágata,Ágata,3,2.0,2.0,-1.0,0.0,-1.0,Recuo
RA-709,Quartzo,Ágata,Ágata,1,2.0,2.0,1.0,0.0,1.0,Avanço
RA-710,Ametista,Ametista,Ametista,3,3.0,3.0,0.0,0.0,0.0,Manutenção
RA-712,Ágata,Ágata,Ágata,2,2.0,2.0,0.0,0.0,0.0,Manutenção
RA-713,Ametista,Ametista,Ametista,3,3.0,3.0,0.0,0.0,0.0,Manutenção
RA-714,Ágata,Ágata,Quartzo,2,2.0,1.0,0.0,-1.0,-1.0,Recuo
RA-715,Ágata,Quartzo,Quartzo,2,1.0,1.0,-1.0,0.0,-1.0,Recuo
RA-716,Ágata,Ágata,Ágata,2,2.0,2.0,0.0,0.0,0.0,Manutenção
RA-718,Topázio,Topázio,Topázio,4,4.0,4.0,0.0,0.0,0.0,Manutenção
RA-719,Quartzo,Ágata,Ametista,1,2.0,3.0,1.0,1.0,2.0,Avanço
RA-721,Ametista,Topázio,Topázio,3,4.0,4.0,1.0,0.0,1.0,Avanço
RA-725,Ágata,Topázio,Ametista,2,4.0,3.0,2.0,-1.0,1.0,Avanço
RA-727,Ametista,Ametista,Topázio,3,3.0,4.0,0.0,1.0,1.0,Avanço
RA-729,Topázio,Ametista,Ágata,4,3.0,2.0,-1.0,-1.0,-2.0,Recuo
RA-730,Ametista,Ametista,Topázio,3,3.0,4.0,0.0,1.0,1.0,Avanço
RA-731,Ametista,Ágata,Quartzo,3,2.0,1.0,-1.0,-1.0,-2.0,Recuo
RA-733,Ágata,Topázio,Topázio,2,4.0,4.0,2.0,0.0,2.0,Avanço
RA-735,Ametista,Ametista,Ametista,3,3.0,3.0,0.0,0.0,0.0,Manutenção
RA-737,Ametista,Topázio,Topázio,3,4.0,4.0,1.0,0.0,1.0,Avanço
RA-738,Ametista,Topázio,Ametista,3,4.0,3.0,1.0,-1.0,0.0,Manutenção
RA-740,Ametista,Ametista,Topázio,3,3.0,4.0,0.0,1.0,1.0,Avanço
RA-741,Ágata,Ágata,Quartzo,2,2.0,1.0,0.0,-1.0,-1.0,Recuo
RA-743,Ágata,Ágata,Ametista,2,2.0,3.0,0.0,1.0,1.0,Avanço
RA-745,Ametista,Ametista,Topázio,3,3.0,4.0,0.0,1.0,1.0,Avanço
RA-746,Ametista,Ágata,Ametista,3,2.0,3.0,-1.0,1.0,0.0,Manutenção
RA-747,Ametista,Ágata,Quartzo,3,2.0,1.0,-1.0,-1.0,-2.0,Recuo
RA-748,Topázio,Topázio,Topázio,4,4.0,4.0,0.0,0.0,0.0,Manutenção
RA-749,Ametista,Ametista,Topázio,3,3.0,4.0,0.0,1.0,1.0,Avanço
RA-750,Ágata,Quartzo,Quartzo,2,1.0,1.0,-1.0,0.0,-1.0,Recuo
RA-752,Topázio,Topázio,Ágata,4,4.0,2.0,0.0,-2.0,-2.0,Recuo
RA-753,Topázio,Topázio,Topázio,4,4.0,4.0,0.0,0.0,0.0,Manutenção
RA-754,Ágata,Ágata,Quartzo,2,2.0,1.0,0.0,-1.0,-1.0,Recuo
RA-755,Topázio,Topázio,Topázio,4,4.0,4.0,0.0,0.0,0.0,Manutenção
RA-756,Ágata,Ametista,Ametista,2,3.0,3.0,1.0,0.0,1.0,Avanço
RA-757,Topázio,Topázio,Ametista,4,4.0,3.0,0.0,-1.0,-1.0,Recuo
RA-760,Topázio,Ágata,Ágata,4,2.0,2.0,-2.0,0.0,-2.0,Recuo
RA-761,Topázio,Topázio,Topázio,4,4.0,4.0,0.0,0.0,0.0,Manutenção
RA-762,Ametista,Ametista,Quartzo,3,3.0,1.0,0.0,-2.0,-2.0,Recuo
RA-763,Ametista,Ágata,Ágata,3,2.0,2.0,-1.0,0.0,-1.0,Recuo
RA-764,Ametista,Ametista,Ametista,3,3.0,3.0,0.0,0.0,0.0,Manutenção
RA-767,Ametista,Ametista,Topázio,3,3.0,4.0,0.0,1.0,1.0,Avanço
RA-768,Ametista,Topázio,Ametista,3,4.0,3.0,1.0,-1.0,0.0,Manutenção
RA-769,Ametista,Ametista,Ametista,3,3.0,3.0,0.0,0.0,0.0,Manutenção
RA-770,Topázio,Ágata,Ametista,4,2.0,3.0,-2.0,1.0,-1.0,Recuo
RA-771,Ametista,Ametista,Ágata,3,3.0,2.0,0.0,-1.0,-1.0,Recuo
RA-773,Ágata,Ágata,Ágata,2,2.0,2.0,0.0,0.0,0.0,Manutenção
RA-774,Ametista,Quartzo,Quartzo,3,1.0,1.0,-2.0,0.0,-2.0,Recuo
RA-776,Quartzo,Quartzo,Quartzo,1,1.0,1.0,0.0,0.0,0.0,Manutenção
RA-777,Ametista,Ametista,Ametista,3,3.0,3.0,0.0,0.0,0.0,Manutenção
RA-778,Ametista,Ametista,Topázio,3,3.0,4.0,0.0,1.0,1.0,Avanço
RA-780,Ágata,Ametista,Ametista,2,3.0,3.0,1.0,0.0,1.0,Avanço
RA-781,Ametista,Topázio,Topázio,3,4.0,4.0,1.0,0.0,1.0,Avanço
RA-782,Ametista,Ametista,Topázio,3,3.0,4.0,0.0,1.0,1.0,Avanço
RA-784,Topázio,Topázio,Topázio,4,4.0,4.0,0.0,0.0,0.0,Manutenção
RA-785,Ametista,Topázio,Topázio,3,4.0,4.0,1.0,0.0,1.0,Avanço
RA-787,Ametista,Ametista,Ametista,3,3.0,3.0,0.0,0.0,0.0,Manutenção
RA-788,Topázio,Ametista,Ametista,4,3.0,3.0,-1.0,0.0,-1.0,Recuo
RA-789,Ametista,Ametista,Topázio,3,3.0,4.0,0.0,1.0,1.0,Avanço
RA-790,Ametista,Ágata,Ágata,3,2.0,2.0,-1.0,0.0,-1.0,Recuo
RA-792,Ágata,Ametista,Ágata,2,3.0,2.0,1.0,-1.0,0.0,Manutenção
RA-794,Ametista,Ametista,Ametista,3,3.0,3.0,0.0,0.0,0.0,Manutenção
RA-795,Topázio,Topázio,Topázio,4,4.0,4.0,0.0,0.0,0.0,Manutenção
RA-796,Ametista,Ametista,Ametista,3,3.0,3.0,0.0,0.0,0.0,Manutenção
RA-797,Ametista,Ametista,Ágata,3,3.0,2.0,0.0,-1.0,-1.0,Recuo
RA-798,Ametista,Ametista,Quartzo,3,3.0,1.0,0.0,-2.0,-2.0,Recuo
RA-799,Ametista,Topázio,Ametista,3,4.0,3.0,1.0,-1.0,0.0,Manutenção
RA-801,Ágata,Ágata,Ágata,2,2.0,2.0,0.0,0.0,0.0,Manutenção
RA-802,Ametista,Topázio,Ametista,3,4.0,3.0,1.0,-1.0,0.0,Manutenção
RA-805,Topázio,Ágata,Ágata,4,2.0,2.0,-2.0,0.0,-2.0,Recuo
RA-806,Ametista,Ametista,Ágata,3,3.0,2.0,0.0,-1.0,-1.0,Recuo
RA-807,Topázio,Ametista,Ametista,4,3.0,3.0,-1.0,0.0,-1.0,Recuo
RA-808,Topázio,Topázio,Topázio,4,4.0,4.0,0.0,0.0,0.0,Manutenção
RA-810,Ametista,Ametista,Ametista,3,3.0,3.0,0.0,0.0,0.0,Manutenção
RA-814,Ametista,Topázio,Ametista,3,4.0,3.0,1.0,-1.0,0.0,Manutenção
RA-816,Topázio,Topázio,Topázio,4,4.0,4.0,0.0,0.0,0.0,Manutenção
RA-819,Ametista,Ametista,Topázio,3,3.0,4.0,0.0,1.0,1.0,Avanço
RA-820,Ametista,Ametista,Ametista,3,3.0,3.0,0.0,0.0,0.0,Manutenção
RA-822,Ágata,Ágata,Quartzo,2,2.0,1.0,0.0,-1.0,-1.0,Recuo
RA-826,Ametista,Ametista,Ametista,3,3.0,3.0,0.0,0.0,0.0,Manutenção
RA-827,Ametista,Ametista,Topázio,3,3.0,4.0,0.0,1.0,1.0,Avanço
RA-829,Ametista,Topázio,Topázio,3,4.0,4.0,1.0,0.0,1.0,Avanço
RA-830,Ametista,Ágata,Ametista,3,2.0,3.0,-1.0,1.0,0.0,Manutenção
RA-831,Ametista,Ametista,Topázio,3,3.0,4.0,0.0,1.0,1.0,Avanço
RA-832,Topázio,Topázio,Topázio,4,4.0,4.0,0.0,0.0,0.0,Manutenção
RA-833,Ametista,Ametista,Topázio,3,3.0,4.0,0.0,1.0,1.0,Avanço
RA-834,Topázio,Topázio,Topázio,4,4.0,4.0,0.0,0.0,0.0,Manutenção
RA-836,Ametista,Ametista,Ágata,3,3.0,2.0,0.0,-1.0,-1.0,Recuo
RA-837,Topázio,Topázio,Ametista,4,4.0,3.0,0.0,-1.0,-1.0,Recuo
RA-840,Ametista,Ametista,Topázio,3,3.0,4.0,0.0,1.0,1.0,Avanço
RA-841,Ametista,Ágata,Ágata,3,2.0,2.0,-1.0,0.0,-1.0,Recuo
RA-842,Ametista,Ametista,Ametista,3,3.0,3.0,0.0,0.0,0.0,Manutenção
RA-847,Ágata,Ágata,Quartzo,2,2.0,1.0,0.0,-1.0,-1.0,Recuo
RA-850,Ametista,Ágata,Ametista,3,2.0,3.0,-1.0,1.0,0.0,Manutenção
RA-851,Ametista,Ágata,Ágata,3,2.0,2.0,-1.0,0.0,-1.0,Recuo
RA-853,Topázio,Ametista,Ametista,4,3.0,3.0,-1.0,0.0,-1.0,Recuo
RA-854,Topázio,Ágata,Ametista,4,2.0,3.0,-2.0,1.0,-1.0,Recuo
RA-855,Topázio,Topázio,Topázio,4,4.0,4.0,0.0,0.0,0.0,Manutenção
RA-858,Ametista,Ametista,Ágata,3,3.0,2.0,0.0,-1.0,-1.0,Recuo
RA-859,Topázio,Topázio,Topázio,4,4.0,4.0,0.0,0.0,0.0,Manutenção
RA-860,Topázio,Topázio,Topázio,4,4.0,4.0,0.0,0.0,0.0,Manutenção
